[
    {
      "game": {
        "type": "text",
        "content": "",
        "position": {
          "x": 109.42,
          "y": 38.05
        },
        "width": 83.37,
        "height": 5.5,
        "rotate": 0,
        "alignment": "left",
        "verticalAlignment": "top",
        "fontSize": 8.6,
        "lineHeight": 1,
        "characterSpacing": 0,
        "fontColor": "#000000",
        "backgroundColor": "",
        "opacity": 1,
        "fontName": "bold"
      },
      "time": {
        "type": "text",
        "content": "",
        "position": {
          "x": 174.28,
          "y": 42.66
        },
        "width": 12.72,
        "height": 4.17,
        "rotate": 0,
        "alignment": "left",
        "verticalAlignment": "top",
        "fontSize": 8.6,
        "fontName": "vinila",
        "lineHeight": 1,
        "characterSpacing": 0,
        "fontColor": "#000000",
        "backgroundColor": "",
        "opacity": 1
      },
      "block": {
        "type": "text",
        "content": "",
        "position": {
          "x": 144.68,
          "y": 62.68
        },
        "width": 12.46,
        "height": 3.65,
        "rotate": 0,
        "alignment": "left",
        "verticalAlignment": "top",
        "fontSize": 8.6,
        "lineHeight": 1,
        "characterSpacing": 0,
        "fontColor": "#000000",
        "backgroundColor": "",
        "opacity": 1,
        "fontName": "vinila"
      },
      "entrance": {
        "type": "text",
        "content": "",
        "position": {
          "x": 123.3,
          "y": 56.85
        },
        "width": 15.9,
        "height": 4.65,
        "rotate": 0,
        "alignment": "left",
        "verticalAlignment": "top",
        "fontSize": 8.6,
        "lineHeight": 1,
        "characterSpacing": 0,
        "fontColor": "#000000",
        "backgroundColor": "",
        "opacity": 1,
        "fontName": "vinila"
      },
      "row": {
        "type": "text",
        "content": "",
        "position": {
          "x": 168.53,
          "y": 62.68
        },
        "width": 10.6,
        "height": 3.65,
        "rotate": 0,
        "alignment": "left",
        "verticalAlignment": "top",
        "fontSize": 8.6,
        "lineHeight": 1,
        "characterSpacing": 0,
        "fontColor": "#000000",
        "backgroundColor": "",
        "opacity": 1,
        "fontName": "vinila"
      },
      "seat": {
        "type": "text",
        "content": "",
        "position": {
          "x": 188.71,
          "y": 62.68
        },
        "width": 14.31,
        "height": 3.65,
        "rotate": 0,
        "alignment": "left",
        "verticalAlignment": "top",
        "fontSize": 8.6,
        "lineHeight": 1,
        "characterSpacing": 0,
        "fontColor": "#000000",
        "backgroundColor": "",
        "opacity": 1,
        "fontName": "vinila"
      },
      "name": {
        "type": "text",
        "content": "",
        "position": {
          "x": 135.06,
          "y": 76.79
        },
        "width": 38.55,
        "height": 3.91,
        "rotate": 0,
        "alignment": "left",
        "verticalAlignment": "top",
        "fontSize": 8.6,
        "lineHeight": 1,
        "characterSpacing": 0,
        "fontColor": "#000000",
        "backgroundColor": "",
        "opacity": 1,
        "fontName": "vinila"
      },
      "price": {
        "type": "text",
        "content": "",
        "position": {
          "x": 118.54,
          "y": 68.71
        },
        "width": 14.31,
        "height": 3.65,
        "rotate": 0,
        "alignment": "left",
        "verticalAlignment": "top",
        "fontSize": 8.6,
        "lineHeight": 1,
        "characterSpacing": 0,
        "fontColor": "#000000",
        "backgroundColor": "",
        "opacity": 1,
        "fontName": "vinila"
      },
      "qr": {
      "type": "image",
      "position": {
        "x": 12.17,
        "y": 36.81
      },
      "width": 19.89,
      "height": 20.42,
      "rotate": 0,
      "opacity": 1
    },
    "smallQr": {
        "type": "image",
        "position": {
            "x": 75.2,
            "y": 38.15
        },
        "width": 3.75,
        "height": 5.06,
        "rotate": 0,
        "opacity": 1
      },
      "id": {
        "type": "text",
        "content": "",
        "position": {
          "x": 137.77,
          "y": 82.69
        },
        "width": 19.31,
        "height": 3.65,
        "rotate": 0,
        "alignment": "left",
        "verticalAlignment": "top",
        "fontSize": 8.6,
        "lineHeight": 1,
        "characterSpacing": 0,
        "fontColor": "#000000",
        "backgroundColor": "",
        "opacity": 1,
        "fontName": "vinila"
      },
      "date": {
      "type": "text",
      "content": "",
      "position": {
        "x": 109.42,
        "y": 42.9
      },
      "width": 36.27,
      "height": 4.44,
      "rotate": 0,
      "alignment": "left",
      "verticalAlignment": "top",
      "fontSize": 8.6,
      "bold": true,
      "lineHeight": 1,
      "characterSpacing": 0,
      "fontColor": "#000000",
      "backgroundColor": "",
      "opacity": 1,
      "fontName": "bold"
    },
      "ticket_number": {
        "type": "text",
        "content": "",
        "position": {
          "x": 179.78,
          "y": 82.69
        },
        "width": 19.31,
        "height": 3.65,
        "rotate": 0,
        "alignment": "left",
        "verticalAlignment": "top",
        "fontSize": 8.6,
        "lineHeight": 1,
        "characterSpacing": 0,
        "fontColor": "#000000",
        "backgroundColor": "",
        "opacity": 1,
        "fontName": "vinila"
      }
    }
  ]
  