[
  {
    "qr": {
      "type": "image",
      "position": {
        "x": 71.96,
        "y": 52.67
      },
      "width": 69.12,
      "height": 68.86
    },
    "row": {
      "type": "text",
      "content": "\n",
      "position": {
        "x": 115.77,
        "y": 173.1
      },
      "width": 13.25,
      "height": 19.21,
      "rotate": 0,
      "alignment": "left",
      "verticalAlignment": "top",
      "fontSize": 22,
      "lineHeight": 1,
      "characterSpacing": 0,
      "fontColor": "#000000",
      "backgroundColor": "",
      "opacity": 1,
      "fontName": "craft"
    },
    "seat": {
      "type": "text",
      "content": "\n",
      "position": {
        "x": 156.79,
        "y": 173.1
      },
      "width": 18.44,
      "height": 9.46,
      "rotate": 0,
      "alignment": "left",
      "verticalAlignment": "top",
      "fontSize": 22,
      "lineHeight": 1,
      "characterSpacing": 0,
      "fontColor": "#000000",
      "opacity": 1,
      "fontName": "craft"
    },
    "block": {
      "type": "text",
      "content": "\n",
      "position": {
        "x": 25.15,
        "y": 173.1
      },
      "width": 33.65,
      "height": 18.67,
      "rotate": 0,
      "alignment": "left",
      "verticalAlignment": "top",
      "fontSize": 22,
      "lineHeight": 1,
      "characterSpacing": 0,
      "fontColor": "#000000",
      "opacity": 1,
      "fontName": "craft"
    },
    "game": {
      "type": "text",
      "content": "\n",
      "position": {
        "x": 16.14,
        "y": 7.14
      },
      "width": 159.56,
      "height": 7.88,
      "rotate": 0,
      "alignment": "left",
      "verticalAlignment": "top",
      "fontSize": 19,
      "lineHeight": 1,
      "characterSpacing": 0,
      "fontColor": "#fefefe",
      "backgroundColor": "",
      "opacity": 1,
      "fontName": "acumin"
    },
    "date": {
      "type": "text",
      "content": "\n",
      "position": {
        "x": 16.08,
        "y": 16.66
      },
      "width": 58.22,
      "height": 7.09,
      "rotate": 0,
      "alignment": "left",
      "verticalAlignment": "top",
      "fontSize": 17,
      "lineHeight": 1,
      "characterSpacing": 0,
      "fontColor": "#a2a2a2",
      "backgroundColor": "",
      "opacity": 1,
      "fontName": "acumin"
    },
    "supporter_id": {
      "type": "text",
      "content": "\n",
      "position": {
        "x": 25.35,
        "y": 246.8
      },
      "width": 35.65,
      "height": 7.88,
      "rotate": 0,
      "alignment": "left",
      "verticalAlignment": "top",
      "fontSize": 18,
      "lineHeight": 1,
      "characterSpacing": 0,
      "fontColor": "#7f7d7d",
      "backgroundColor": "",
      "opacity": 1,
      "fontName": "acumin"
    },
    "type": {
      "type": "text",
      "content": "\n",
      "position": {
          "x": 97.63,
          "y": 146.05
      },
      "width": 30.13,
      "height": 7.08,
      "rotate": 0,
      "alignment": "left",
      "verticalAlignment": "top",
      "fontSize": 17,
      "lineHeight": 1,
      "characterSpacing": 0,
      "fontColor": "#ffffff",
      "backgroundColor": "",
      "opacity": 1,
      "fontName": "acumin"
    },
    "priceClass": {
      "type": "text",
      "content": "\n",
      "position": {
        "x": 115.77,
        "y": 212.2
      },
      "width": 30.66,
      "height": 7.09,
      "rotate": 0,
      "alignment": "left",
      "verticalAlignment": "top",
      "fontSize": 18,
      "lineHeight": 1,
      "characterSpacing": 0,
      "fontColor": "#7f7d7d",
      "backgroundColor": "",
      "opacity": 1,
      "fontName": "acumin"
    },
    "entrance": {
      "type": "text",
      "content": "\n",
      "position": {
        "x": 25.55,
        "y": 212.2
      },
      "width": 25.01,
      "height": 8.67,
      "rotate": 0,
      "alignment": "left",
      "verticalAlignment": "top",
      "fontSize": 18,
      "lineHeight": 1,
      "characterSpacing": 0,
      "fontColor": "#7f7d7d",
      "backgroundColor": "",
      "opacity": 1,
      "fontName": "acumin"
    },
    "price": {
      "type": "text",
      "content": "\n",
      "position": {
        "x": 115.2,
        "y": 238.54
      },
      "width": 23.57,
      "height": 9.99,
      "rotate": 0,
      "alignment": "left",
      "verticalAlignment": "top",
      "fontSize": 18,
      "lineHeight": 1,
      "characterSpacing": 0,
      "fontColor": "#7f7d7d",
      "backgroundColor": "",
      "opacity": 1,
      "fontName": "acumin"
    },
    "name": {
      "type": "text",
      "content": "\n",
      "position": {
        "x": 25.35,
        "y": 238.92
      },
      "width": 68.17,
      "height": 7.09,
      "rotate": 0,
      "alignment": "left",
      "verticalAlignment": "top",
      "fontSize": 18,
      "lineHeight": 1,
      "characterSpacing": 0,
      "fontColor": "#7f7d7d",
      "backgroundColor": "",
      "opacity": 1,
      "fontName": "acumin"
    }
  }
]
